id_siswa,tanggal_terdaftar
133,2023-05-28
38,2023-05-28
151,2023-05-28
144,2023-05-28
140,2023-05-28
120,2023-05-28
92,2023-05-28
91,2023-05-28
3,2023-05-28
119,2023-05-28
81,2023-05-28
113,2023-05-28
112,2023-05-28
104,2023-05-28
20,2023-05-28
136,2023-06-04
32,2023-06-04
36,2023-06-04
122,2023-06-04
45,2023-06-04
129,2023-06-04
47,2023-06-04
67,2023-06-04
64,2023-06-04
48,2023-06-04
60,2023-06-04
143,2023-06-04
49,2023-06-04
31,2023-06-04
13,2023-06-04
90,2023-06-04
96,2023-06-04
98,2023-06-04
117,2023-06-04
114,2023-06-04
111,2023-06-04
118,2023-06-04
106,2023-06-04
127,2023-06-11
121,2023-06-11
69,2023-06-11
11,2023-06-11
89,2023-06-11
8,2023-06-11
6,2023-06-11
109,2023-06-11
147,2023-06-25
139,2023-06-25
87,2023-06-25
110,2023-06-25
17,2023-06-25
18,2023-07-02
105,2023-07-02
131,2023-07-09
55,2023-07-23
132,2023-08-06
86,2023-08-06
124,2023-09-03
150,2023-09-03
75,2023-09-03
97,2023-09-03
123,2023-09-17
142,2023-09-17
115,2023-09-17
22,2023-09-17
56,2023-09-24
50,2023-09-24
116,2023-09-24
101,2023-09-24
130,2023-10-15
134,2023-10-15
102,2023-10-15
135,2023-11-05
42,2023-11-05
141,2023-11-05
145,2023-11-05
1,2023-11-05
83,2023-11-05
74,2023-11-05
82,2023-11-05
126,2023-11-12
125,2023-11-19
152,2023-11-19
63,2023-11-19
100,2023-11-19
95,2023-12-03
72,2023-12-03
44,2024-01-14
172,2024-01-14
61,2024-01-14
2,2024-01-14
79,2024-01-14
169,2024-01-21
53,2024-01-28
12,2024-02-04
171,2024-02-11
174,2024-02-11
16,2024-02-11
65,2024-02-25
167,2024-04-28
78,2024-04-28
27,2024-04-28
168,2024-05-12
54,2024-05-12
159,2024-05-19
164,2024-05-26
156,2024-06-08
170,2024-07-14
43,2024-07-21
52,2024-07-28
161,2024-07-28
5,2024-08-11
7,2024-08-11
33,2024-09-08
66,2024-09-08
58,2024-09-08
153,2024-09-08
51,2024-09-15
29,2024-09-15
157,2024-09-15
25,2024-09-15
21,2024-09-15
160,2024-09-15
15,2024-09-22
10,2024-09-22
173,2024-09-29
73,2024-09-29
154,2024-10-06
76,2024-10-06
166,2024-10-06
162,2024-10-06
62,2024-10-20
155,2024-10-20
158,2024-10-24
165,2024-11-10
77,2025-04-13
9,2025-04-13
19,2025-04-13
23,2025-04-13
30,2025-04-13
34,2025-04-13
40,2025-04-13
41,2025-04-13
46,2025-04-13
59,2025-04-13
70,2025-04-13
14,2025-04-20
4,2025-05-04
175,2025-05-04
39,2025-05-04
28,2025-05-11
24,2025-05-11
80,2025-05-11
176,2025-05-25
35,2025-06-01
177,2025-06-01
178,2025-06-15
179,2025-06-22
181,2025-07-01
